{"0": [-9.1953125, -8.716796875], "1": [-9.1953125, -6.4609375], "2": [-9.1953125, -4.748046875], "3": [-9.1953125, -3.435546875], "4": [-9.1953125, -2.41162109375], "5": [-9.1953125, -1.5908203125], "6": [-9.1953125, -0.904052734375], "7": [-9.1953125, -0.293212890625], "8": [-9.1953125, 0.293212890625], "9": [-9.1953125, 0.904052734375], "10": [-9.1953125, 1.5908203125], "11": [-9.1953125, 2.41162109375], "12": [-9.1953125, 3.435546875], "13": [-9.1953125, 4.748046875], "14": [-9.1953125, 6.4609375], "15": [-9.1953125, 8.716796875], "16": [-7.6796875, -8.716796875], "17": [-7.6796875, -6.4609375], "18": [-7.6796875, -4.748046875], "19": [-7.6796875, -3.435546875], "20": [-7.6796875, -2.41162109375], "21": [-7.6796875, -1.5908203125], "22": [-7.6796875, -0.904052734375], "23": [-7.6796875, -0.293212890625], "24": [-7.6796875, 0.293212890625], "25": [-7.6796875, 0.904052734375], "26": [-7.6796875, 1.5908203125], "27": [-7.6796875, 2.41162109375], "28": [-7.6796875, 3.435546875], "29": [-7.6796875, 4.748046875], "30": [-7.6796875, 6.4609375], "31": [-7.6796875, 8.716796875], "32": [-6.330078125, -8.716796875], "33": [-6.330078125, -6.4609375], "34": [-6.330078125, -4.748046875], "35": [-6.330078125, -3.435546875], "36": [-6.330078125, -2.41162109375], "37": [-6.330078125, -1.5908203125], "38": [-6.330078125, -0.904052734375], "39": [-6.330078125, -0.293212890625], "40": [-6.330078125, 0.293212890625], "41": [-6.330078125, 0.904052734375], "42": [-6.330078125, 1.5908203125], "43": [-6.330078125, 2.41162109375], "44": [-6.330078125, 3.435546875], "45": [-6.330078125, 4.748046875], "46": [-6.330078125, 6.4609375], "47": [-6.330078125, 8.716796875], "48": [-5.11328125, -8.716796875], "49": [-5.11328125, -6.4609375], "50": [-5.11328125, -4.748046875], "51": [-5.11328125, -3.435546875], "52": [-5.11328125, -2.41162109375], "53": [-5.11328125, -1.5908203125], "54": [-5.11328125, -0.904052734375], "55": [-5.11328125, -0.293212890625], "56": [-5.11328125, 0.293212890625], "57": [-5.11328125, 0.904052734375], "58": [-5.11328125, 1.5908203125], "59": [-5.11328125, 2.41162109375], "60": [-5.11328125, 3.435546875], "61": [-5.11328125, 4.748046875], "62": [-5.11328125, 6.4609375], "63": [-5.11328125, 8.716796875], "64": [-4.0078125, -8.716796875], "65": [-4.0078125, -6.4609375], "66": [-4.0078125, -4.748046875], "67": [-4.0078125, -3.435546875], "68": [-4.0078125, -2.41162109375], "69": [-4.0078125, -1.5908203125], "70": [-4.0078125, -0.904052734375], "71": [-4.0078125, -0.293212890625], "72": [-4.0078125, 0.293212890625], "73": [-4.0078125, 0.904052734375], "74": [-4.0078125, 1.5908203125], "75": [-4.0078125, 2.41162109375], "76": [-4.0078125, 3.435546875], "77": [-4.0078125, 4.748046875], "78": [-4.0078125, 6.4609375], "79": [-4.0078125, 8.716796875], "80": [-2.9892578125, -8.716796875], "81": [-2.9892578125, -6.4609375], "82": [-2.9892578125, -4.748046875], "83": [-2.9892578125, -3.435546875], "84": [-2.9892578125, -2.41162109375], "85": [-2.9892578125, -1.5908203125], "86": [-2.9892578125, -0.904052734375], "87": [-2.9892578125, -0.293212890625], "88": [-2.9892578125, 0.293212890625], "89": [-2.9892578125, 0.904052734375], "90": [-2.9892578125, 1.5908203125], "91": [-2.9892578125, 2.41162109375], "92": [-2.9892578125, 3.435546875], "93": [-2.9892578125, 4.748046875], "94": [-2.9892578125, 6.4609375], "95": [-2.9892578125, 8.716796875], "96": [-2.03369140625, -8.716796875], "97": [-2.03369140625, -6.4609375], "98": [-2.03369140625, -4.748046875], "99": [-2.03369140625, -3.435546875], "100": [-2.03369140625, -2.41162109375], "101": [-2.03369140625, -1.5908203125], "102": [-2.03369140625, -0.904052734375], "103": [-2.03369140625, -0.293212890625], "104": [-2.03369140625, 0.293212890625], "105": [-2.03369140625, 0.904052734375], "106": [-2.03369140625, 1.5908203125], "107": [-2.03369140625, 2.41162109375], "108": [-2.03369140625, 3.435546875], "109": [-2.03369140625, 4.748046875], "110": [-2.03369140625, 6.4609375], "111": [-2.03369140625, 8.716796875], "112": [-1.1220703125, -8.716796875], "113": [-1.1220703125, -6.4609375], "114": [-1.1220703125, -4.748046875], "115": [-1.1220703125, -3.435546875], "116": [-1.1220703125, -2.41162109375], "117": [-1.1220703125, -1.5908203125], "118": [-1.1220703125, -0.904052734375], "119": [-1.1220703125, -0.293212890625], "120": [-1.1220703125, 0.293212890625], "121": [-1.1220703125, 0.904052734375], "122": [-1.1220703125, 1.5908203125], "123": [-1.1220703125, 2.41162109375], "124": [-1.1220703125, 3.435546875], "125": [-1.1220703125, 4.748046875], "126": [-1.1220703125, 6.4609375], "127": [-1.1220703125, 8.716796875], "128": [-0.23486328125, -8.716796875], "129": [-0.23486328125, -6.4609375], "130": [-0.23486328125, -4.748046875], "131": [-0.23486328125, -3.435546875], "132": [-0.23486328125, -2.41162109375], "133": [-0.23486328125, -1.5908203125], "134": [-0.23486328125, -0.904052734375], "135": [-0.23486328125, -0.293212890625], "136": [-0.23486328125, 0.293212890625], "137": [-0.23486328125, 0.904052734375], "138": [-0.23486328125, 1.5908203125], "139": [-0.23486328125, 2.41162109375], "140": [-0.23486328125, 3.435546875], "141": [-0.23486328125, 4.748046875], "142": [-0.23486328125, 6.4609375], "143": [-0.23486328125, 8.716796875], "144": [0.6474609375, -8.716796875], "145": [0.6474609375, -6.4609375], "146": [0.6474609375, -4.748046875], "147": [0.6474609375, -3.435546875], "148": [0.6474609375, -2.41162109375], "149": [0.6474609375, -1.5908203125], "150": [0.6474609375, -0.904052734375], "151": [0.6474609375, -0.293212890625], "152": [0.6474609375, 0.293212890625], "153": [0.6474609375, 0.904052734375], "154": [0.6474609375, 1.5908203125], "155": [0.6474609375, 2.41162109375], "156": [0.6474609375, 3.435546875], "157": [0.6474609375, 4.748046875], "158": [0.6474609375, 6.4609375], "159": [0.6474609375, 8.716796875], "160": [1.54345703125, -8.716796875], "161": [1.54345703125, -6.4609375], "162": [1.54345703125, -4.748046875], "163": [1.54345703125, -3.435546875], "164": [1.54345703125, -2.41162109375], "165": [1.54345703125, -1.5908203125], "166": [1.54345703125, -0.904052734375], "167": [1.54345703125, -0.293212890625], "168": [1.54345703125, 0.293212890625], "169": [1.54345703125, 0.904052734375], "170": [1.54345703125, 1.5908203125], "171": [1.54345703125, 2.41162109375], "172": [1.54345703125, 3.435546875], "173": [1.54345703125, 4.748046875], "174": [1.54345703125, 6.4609375], "175": [1.54345703125, 8.716796875], "176": [2.47314453125, -8.716796875], "177": [2.47314453125, -6.4609375], "178": [2.47314453125, -4.748046875], "179": [2.47314453125, -3.435546875], "180": [2.47314453125, -2.41162109375], "181": [2.47314453125, -1.5908203125], "182": [2.47314453125, -0.904052734375], "183": [2.47314453125, -0.293212890625], "184": [2.47314453125, 0.293212890625], "185": [2.47314453125, 0.904052734375], "186": [2.47314453125, 1.5908203125], "187": [2.47314453125, 2.41162109375], "188": [2.47314453125, 3.435546875], "189": [2.47314453125, 4.748046875], "190": [2.47314453125, 6.4609375], "191": [2.47314453125, 8.716796875], "192": [3.4560546875, -8.716796875], "193": [3.4560546875, -6.4609375], "194": [3.4560546875, -4.748046875], "195": [3.4560546875, -3.435546875], "196": [3.4560546875, -2.41162109375], "197": [3.4560546875, -1.5908203125], "198": [3.4560546875, -0.904052734375], "199": [3.4560546875, -0.293212890625], "200": [3.4560546875, 0.293212890625], "201": [3.4560546875, 0.904052734375], "202": [3.4560546875, 1.5908203125], "203": [3.4560546875, 2.41162109375], "204": [3.4560546875, 3.435546875], "205": [3.4560546875, 4.748046875], "206": [3.4560546875, 6.4609375], "207": [3.4560546875, 8.716796875], "208": [4.5126953125, -8.716796875], "209": [4.5126953125, -6.4609375], "210": [4.5126953125, -4.748046875], "211": [4.5126953125, -3.435546875], "212": [4.5126953125, -2.41162109375], "213": [4.5126953125, -1.5908203125], "214": [4.5126953125, -0.904052734375], "215": [4.5126953125, -0.293212890625],